Depth,Age (ky BP),Quercus calliprinos type,Quercus ithaburensis type,Pinus,Cedrus libani,Abies,Podocarpus,Picea,Dacrydium,Tsuga,Pistacia sp.,Olea,Phillyrea sp.,Fraxinus,Rosaceae,Ceratonia,Betula,Ostrya,Carpinus,Corylus,Alnus,Ziziphus,Salix,Ericaceae,Acacia,Acacia albida,Cupressus,Juniperus,Rhus,Tamarix,Rhamnus,Rutaceae,Ulmus,Acer,Tilia,Cercis,Populus,Castanea,Vitis,Poaceae,Cereal type,Asteraceae Asteroideae,Asteraceae Cichorioideae,Artemisia sp.,Echinops,Centaurea,Bunium type,Ferula type,Sium (apium) type,Bupleurum type,Malabila type,Turgenia type,Anisociadium type,Pimpinella type,Atriplex type,Aellenia type,Chenopodium type,Noaea type,Fabaceae,Bellevalia type,Allium type,Asphodelus type,Ephedra fragilis type,Ephedra distachya type,Lamiaceae (tricolpe),Lamiaceae (stephanocolpe),Rubiaceae,Brassicaceae,Caryophyllaceae,Boraginaceae,Plantago,Plantago lanceolats,Polygonaceae,Rumex ,Papaveraceae,Ranunculaceae,Scrophulariaceae,Cistaceae,Combretaceae,Euphorbiaceae,Caprifoliaceae,Saxifragaceae,Dipsaceae,Geraniaceae,Primulaceae,Crassulaceae,Gentianaceae,Zygophyllaceae,Myrtus,Malvaceae,Solanaceae,Valerianaceae,Amaryllidaceae,Salvadoraceae,Loranthus,Acanthaceae,Thymelaea,Campanulaceae,Epilobium,Orobanchaceae,Icacinaceae,Aristolochiaceae,Sparganium sp.,Cyperus,Typha ,Potamogeton,Lemna,Nymphaeaceae,Myriophyllum,Elatinaceae,Sphaganaceae,Thelypteridaceae,Pteris,Dryopteris,Asplenium,Polypodiaceae,Botrichium,Hypolepidaceae,Isoetaceae,Cyatheaceae,Lycopodiaceae,Encephalartos,Cycas,Mohria,sequoiadendron,Cryptomeria,Equisetaceae,Osmundaceae,Hymenophyllaceae,Selaginellaceae,Conncentricystes rubinus,Botryococcus,Fungal,Hystrichosphaeridium israelianum,Hystrichosphaeridium,Hystrichosphaera,Pterospermopsis van campo,Operculodinium,Polysphaeridium zohary,Spiniferites,Baltisphaeridium machaerophorum,Baltisphaeridium israelianum
2,0.14,8,0,39,1,3,3,0,0,0,1,0,1,1,1,0,1,0,0,0,1,0,0,0,1,0,0,0,0,0,0,0,0,0,0,0,0,0,0,3,0,2,2,27,0,0,3,0,0,0,0,0,0,0,81,1,0,1,2,1,0,0,1,0,3,1,0,0,1,0,0,0,0,0,0,1,4,0,0,0,0,0,1,1,0,1,0,0,1,1,0,0,0,0,0,0,0,0,0,0,0,0,0,55,0,5,5,0,0,0,14,4,0,34,15,0,0,0,4,6,1,0,0,0,0,0,1,0,0,0,11,3,1,0,0,0,0,0,2,0,1,1
11,0.63,10,1,95,2,3,1,0,0,0,0,3,2,0,0,0,1,0,0,0,2,0,0,1,0,0,2,0,0,0,0,0,0,0,0,0,0,1,0,4,0,2,0,15,0,1,1,0,0,0,0,0,0,0,51,0,1,3,2,1,1,0,3,0,0,0,0,0,2,0,0,0,0,0,0,3,2,3,0,0,0,0,0,0,0,0,0,0,1,0,0,0,0,0,0,0,0,0,0,0,0,0,0,51,1,15,2,0,0,0,10,0,1,10,0,0,0,0,0,8,1,0,0,0,0,3,0,0,0,0,6,0,5,0,0,0,0,0,0,0,0,0
26,1.38,48,3,68,5,6,1,3,0,0,0,1,2,0,1,0,0,1,0,0,2,0,0,3,0,0,0,0,0,0,0,0,0,0,0,0,1,0,0,4,1,2,0,2,0,1,1,0,0,0,0,0,0,0,33,0,0,0,2,0,1,0,1,0,0,2,0,0,0,0,1,0,1,2,0,0,1,0,1,0,0,0,0,0,2,3,0,0,0,0,0,0,0,0,0,0,0,1,0,0,0,0,0,111,6,9,6,0,1,0,8,5,1,18,1,0,1,0,0,11,0,0,0,0,0,2,0,0,0,0,9,0,19,1,0,0,1,0,0,0,0,0
36,2.06,12,2,86,8,5,1,1,0,0,0,2,3,3,0,0,4,0,0,0,1,0,0,0,0,0,1,0,0,1,0,0,0,0,0,0,0,0,0,0,0,3,3,11,0,0,1,0,0,0,0,0,0,0,30,0,4,2,2,0,0,0,4,0,2,0,0,2,1,0,1,0,1,0,0,0,0,0,1,0,0,0,0,0,0,1,0,0,1,0,0,0,0,0,0,0,1,0,2,0,0,0,0,41,0,2,2,0,0,0,31,1,1,11,0,0,5,0,0,11,1,0,0,0,0,0,0,0,0,0,20,0,30,0,0,0,0,2,0,0,0,0
46,2.63,34,6,51,0,13,0,0,0,0,0,2,4,0,1,1,0,0,0,0,0,0,0,0,0,0,0,0,0,0,1,0,0,0,0,0,0,0,0,1,0,3,0,29,0,1,2,0,0,0,0,0,0,0,41,0,1,1,3,0,0,0,0,0,3,3,0,2,1,1,0,0,0,0,0,1,0,0,0,0,0,0,0,0,0,0,0,0,0,0,0,0,0,0,0,0,0,0,0,0,0,0,0,57,0,4,5,0,0,0,6,3,1,19,0,1,0,0,1,0,1,0,1,0,0,1,0,0,0,0,8,0,1,0,0,0,0,0,0,0,0,0
56,3.26,26,7,51,8,4,0,0,0,0,0,4,2,1,1,0,2,0,0,0,2,1,0,0,0,0,0,0,0,0,0,0,0,0,0,0,0,0,0,2,0,2,0,12,0,0,2,0,0,0,0,0,0,0,39,0,4,7,2,1,1,0,1,2,2,0,0,3,1,0,0,0,0,2,0,2,2,0,2,0,0,0,0,0,1,3,0,0,0,0,0,0,0,0,0,0,0,0,0,0,0,0,0,24,1,2,6,0,0,0,11,0,2,8,0,0,2,0,0,6,2,0,0,0,0,2,0,0,0,2,8,0,30,0,0,0,0,2,0,0,0,0
66,3.79,13,3,78,1,9,1,0,0,0,0,1,8,1,0,0,2,0,0,0,1,0,0,0,0,0,1,0,0,0,0,0,0,0,0,0,0,0,0,1,1,0,0,8,0,0,3,0,1,0,0,0,0,0,52,1,1,4,0,2,0,0,1,2,1,0,0,2,0,1,0,0,0,0,0,0,0,0,0,0,0,0,0,0,0,0,0,0,0,0,0,0,0,0,0,0,0,0,0,0,0,0,0,62,1,4,4,0,0,0,6,2,2,2,0,0,0,0,0,0,0,0,0,1,0,1,0,0,0,1,9,0,2,0,0,0,0,0,0,0,0,0
76,4.43,28,9,61,1,2,0,0,0,0,0,1,6,2,0,0,0,0,0,0,0,0,0,1,0,0,0,0,0,1,0,0,0,0,0,0,0,0,0,2,1,4,0,11,0,1,3,0,0,1,0,0,0,0,43,0,1,5,5,1,0,0,1,0,2,1,0,3,2,0,0,0,1,0,0,1,2,0,0,0,0,0,0,0,0,2,0,0,0,0,0,0,0,0,0,0,0,0,0,0,0,0,0,33,0,4,2,0,0,0,6,0,1,6,0,0,0,0,0,11,1,0,0,0,0,0,0,0,0,1,14,0,46,0,0,0,0,0,0,0,0,2
86,5.09,22,4,81,5,4,0,0,0,0,0,0,3,0,2,0,2,0,0,0,0,0,0,3,0,0,0,0,0,0,0,0,0,0,0,0,0,0,0,4,1,3,0,8,0,0,4,0,0,0,0,0,0,0,47,0,3,3,4,1,0,0,5,0,1,0,0,3,0,0,1,0,1,1,0,0,0,0,1,0,0,1,0,0,0,4,0,1,0,0,0,0,0,0,0,0,0,0,1,0,1,0,0,157,0,5,9,0,0,0,9,2,5,18,3,0,2,0,0,27,2,0,0,0,0,0,0,0,0,0,12,0,22,0,0,0,0,0,0,0,0,0
96,5.74,22,4,58,0,5,0,0,0,0,0,8,8,1,2,0,2,0,0,0,2,0,0,0,1,0,0,0,0,0,0,0,0,0,0,0,1,0,0,3,1,4,1,13,1,0,2,0,0,0,0,0,0,0,39,0,0,5,2,1,0,0,5,0,1,0,0,1,1,0,3,0,1,0,0,2,5,2,1,0,0,0,1,0,2,1,0,0,1,0,0,0,0,0,0,0,0,0,0,0,0,0,0,77,0,8,1,0,0,0,8,0,1,26,0,0,3,1,0,8,1,0,0,1,0,1,0,0,0,0,4,0,22,0,0,0,0,0,0,0,0,0
106,6.41,27,2,43,5,7,1,0,0,0,0,9,5,1,0,1,4,1,0,0,0,1,0,0,0,0,0,0,0,0,0,0,0,0,0,0,2,2,0,2,1,5,2,7,0,1,1,0,0,0,0,1,0,0,35,0,8,6,4,1,5,1,4,3,4,0,0,0,3,0,0,0,0,2,1,1,0,0,0,0,0,0,0,0,0,0,0,0,0,0,0,0,0,0,0,0,0,0,0,0,0,0,1,63,0,2,4,0,0,0,6,1,8,20,0,0,0,0,0,15,0,0,1,0,0,1,0,0,0,0,2,1,2,1,0,0,0,0,0,0,0,2
116,7.2,14,5,43,4,7,0,0,0,0,0,2,8,5,3,0,0,0,0,0,0,0,0,2,0,0,0,0,0,0,0,0,0,0,1,0,0,0,0,2,1,5,0,7,0,0,3,0,1,0,0,0,0,0,63,0,1,7,4,0,0,0,11,2,2,0,0,0,3,0,0,0,1,0,0,1,0,1,0,0,0,0,0,1,0,2,0,0,1,0,0,0,0,0,0,0,0,0,0,0,0,0,0,77,0,1,2,0,0,0,6,0,1,8,0,0,0,0,0,9,9,0,0,0,0,0,0,0,0,0,6,0,35,0,0,0,0,0,0,0,0,1
121,7.45,17,14,28,1,2,0,0,0,0,0,3,4,6,0,0,1,0,0,2,0,0,0,0,0,0,0,0,0,0,0,0,0,0,0,0,0,0,0,15,3,7,0,13,0,1,5,0,3,0,0,0,0,0,86,0,5,0,4,0,0,0,7,0,0,0,0,0,2,0,0,0,2,0,0,1,0,0,0,0,0,0,0,1,0,3,0,0,0,0,0,1,0,0,0,0,0,0,0,0,0,0,0,55,0,0,2,0,0,0,1,0,0,5,0,0,0,0,0,0,0,0,0,0,0,0,0,0,0,0,0,0,15,0,0,0,0,4,0,0,0,0
126,7.75,31,18,8,0,3,0,0,0,0,0,2,8,1,0,0,4,0,1,0,2,0,1,0,0,0,0,0,0,0,0,0,0,0,0,0,0,0,0,3,2,1,0,6,0,0,7,0,0,0,0,0,1,0,82,0,3,0,12,3,3,0,11,0,1,1,0,0,6,0,0,3,0,3,0,0,0,0,0,0,0,0,0,0,0,0,0,0,0,0,0,0,0,0,0,0,0,0,0,0,0,0,0,136,0,0,8,0,0,0,1,0,0,7,0,0,0,0,0,0,0,0,0,0,0,3,0,0,0,0,0,0,6,0,0,0,0,0,0,0,0,0
133,8.01,22,6,23,1,0,0,0,0,0,0,6,10,3,2,0,2,0,0,0,0,0,0,0,0,0,1,0,0,1,0,0,0,0,0,0,1,0,0,8,5,3,0,10,0,0,3,0,0,0,0,0,0,0,81,0,4,5,3,0,1,1,13,0,2,0,0,1,0,0,0,0,0,4,0,4,4,1,0,0,0,0,0,1,0,5,0,0,0,0,0,0,0,0,0,0,0,0,0,0,0,0,0,90,0,3,5,0,0,0,0,0,0,12,0,0,1,0,0,4,0,0,0,0,0,1,0,0,0,0,1,0,61,1,0,0,2,0,0,0,0,0
136,8.16,7,5,20,1,1,0,0,0,0,2,2,1,2,1,0,0,0,0,0,1,0,0,0,0,0,0,0,1,0,0,0,0,0,0,0,0,0,0,2,0,8,0,32,0,2,2,0,1,0,0,0,0,1,71,0,3,6,2,0,0,1,10,2,2,0,0,1,1,0,0,1,0,2,0,1,0,0,0,0,0,0,0,0,0,0,0,0,0,1,0,0,0,0,0,1,0,0,0,0,3,0,0,32,0,8,0,0,0,0,13,0,3,5,0,0,0,0,0,0,0,0,0,0,0,0,0,0,0,0,3,1,21,0,0,0,0,5,0,0,0,0
138,8.25,27,8,7,0,1,0,0,0,0,0,2,9,5,0,2,1,0,1,0,0,0,0,0,0,0,1,1,0,3,0,0,0,0,0,0,0,0,0,21,5,8,1,6,0,1,4,0,1,0,0,0,0,0,87,0,7,4,1,0,0,0,2,1,3,0,0,1,1,0,4,0,0,2,0,2,1,0,0,0,0,0,0,0,0,3,0,0,0,0,0,0,0,0,0,0,0,0,0,0,0,0,0,29,0,1,1,0,0,0,5,0,0,2,0,0,0,0,0,0,0,0,0,0,0,0,0,0,0,0,0,0,12,0,0,0,0,0,0,0,0,0
142,8.45,19,7,11,0,1,0,0,0,0,0,1,12,3,0,0,0,0,0,3,0,0,0,0,0,0,0,0,0,2,0,0,0,0,0,0,0,0,0,0,1,13,3,13,0,0,9,0,0,0,0,0,0,3,98,0,3,3,2,0,0,0,20,0,1,0,0,1,0,0,0,1,0,2,0,2,0,0,1,1,0,0,0,0,0,3,0,1,0,0,0,0,0,0,0,0,0,0,0,0,0,0,0,61,0,6,6,0,0,0,0,2,0,6,0,0,0,0,0,0,0,0,0,0,0,3,0,0,0,0,0,0,21,0,0,0,1,0,0,0,0,0
157,9.15,20,21,3,0,0,0,0,0,0,0,7,11,4,0,0,1,0,0,0,1,0,1,0,0,0,0,0,0,0,0,0,0,0,0,0,0,0,0,1,2,8,0,6,0,1,4,1,0,0,0,0,2,1,71,0,15,5,3,3,2,0,10,2,4,0,0,3,1,0,1,0,0,2,0,0,0,0,0,0,0,0,0,0,0,0,0,0,0,1,0,0,0,0,0,0,0,0,0,0,0,0,0,34,0,24,248,0,0,0,0,0,0,3,4,0,0,0,0,0,0,0,2,0,0,0,0,0,0,0,0,3,6,0,0,0,0,0,0,0,0,3
163,9.44,43,10,1,0,0,0,0,0,0,0,3,12,5,0,0,0,0,0,0,0,0,0,0,0,0,0,0,0,0,0,0,0,0,0,0,0,0,0,10,1,3,0,6,0,0,5,1,0,1,2,0,0,2,95,0,1,6,3,0,1,0,11,1,5,0,0,0,1,0,0,0,0,2,0,0,1,1,1,0,0,0,0,0,0,0,0,0,0,0,0,0,0,0,0,0,0,0,0,0,0,0,0,41,1,1,6,0,0,5,0,0,0,0,0,0,0,0,0,0,0,0,0,0,0,0,0,0,0,0,0,0,27,0,0,0,0,0,0,0,0,4
173,9.9,12,2,13,0,3,0,0,0,0,0,3,3,0,0,0,0,0,0,0,0,0,0,1,0,0,0,0,0,0,0,0,0,0,0,0,0,0,0,1,1,1,2,12,0,0,3,0,0,0,0,0,1,0,129,0,12,0,1,1,0,0,17,0,3,0,0,0,0,0,1,0,0,2,0,1,0,0,0,0,0,0,0,0,0,2,0,2,0,0,0,0,0,0,0,1,0,0,0,0,0,0,0,40,1,3,28,1,0,0,1,1,0,6,0,0,0,0,0,0,0,0,0,0,0,0,0,1,0,0,0,0,4,0,0,0,0,0,0,0,0,0
186,10.39,18,5,8,0,1,0,0,0,0,0,1,7,2,1,0,0,0,0,1,0,0,0,0,0,0,0,1,0,0,0,0,1,0,0,0,0,0,0,0,0,3,8,18,0,0,2,0,2,0,0,0,0,0,84,0,3,3,2,0,0,1,10,0,1,1,0,3,3,0,1,0,0,0,0,2,1,1,1,0,0,0,0,0,2,2,0,0,0,0,0,0,0,0,0,0,0,0,0,0,0,0,0,52,0,2,5,0,1,0,1,0,0,12,0,0,2,0,0,0,0,0,0,0,0,0,0,1,0,0,0,2,18,0,0,0,0,0,0,0,2,0
196,10.81,19,2,18,5,2,0,0,0,0,0,2,2,2,1,0,0,0,0,0,2,0,0,0,0,0,4,0,0,0,0,0,0,0,0,0,2,0,0,2,1,9,0,19,0,0,4,0,3,0,0,0,0,0,50,0,4,2,3,0,2,0,16,8,3,0,0,2,1,0,0,0,0,4,0,4,0,0,0,0,0,0,0,0,0,2,0,0,0,0,0,0,0,0,0,0,0,0,0,0,0,0,0,52,0,0,2,0,0,0,9,0,0,2,0,0,1,0,0,0,2,0,0,0,0,3,0,0,0,4,2,0,38,0,0,0,0,0,0,0,0,1
206,11.2,12,7,13,4,0,0,0,0,0,0,2,5,1,1,0,0,0,0,0,0,0,0,0,0,0,0,0,0,0,0,0,0,0,0,0,0,0,0,0,1,9,2,61,1,0,6,0,1,0,0,0,0,0,42,0,1,0,3,1,0,0,10,2,0,0,0,3,2,0,1,0,1,3,0,0,3,0,0,0,0,0,2,0,0,1,0,0,2,0,0,0,0,0,0,0,0,0,0,0,0,0,0,35,0,11,3,1,0,0,12,0,2,6,1,2,0,0,0,0,1,0,0,0,0,6,0,0,0,1,9,2,9,0,0,0,0,0,0,0,0,0
221,11.85,14,9,31,4,2,0,0,0,0,0,1,2,0,0,0,0,0,1,0,0,0,0,2,0,0,0,0,0,0,0,0,0,0,0,0,0,0,0,2,0,5,1,64,0,0,2,0,0,0,0,0,0,0,52,0,1,2,6,0,0,0,9,4,4,3,0,0,4,0,0,1,2,0,0,3,0,0,0,0,0,0,0,0,0,0,0,0,0,0,0,0,0,0,0,0,0,0,1,0,3,0,0,69,0,15,6,0,0,0,34,0,4,17,0,0,1,0,0,0,3,0,0,0,0,0,0,0,0,2,12,0,38,0,0,0,0,0,0,0,0,0
231,12.28,17,4,23,0,1,1,0,0,0,1,3,7,4,4,0,0,1,0,0,0,0,0,0,0,0,0,0,0,0,1,0,0,0,0,0,0,0,0,9,4,5,0,17,0,1,0,0,0,0,0,0,0,0,59,0,6,6,1,0,1,1,15,3,2,0,0,1,1,0,0,0,0,0,0,2,0,0,1,0,0,0,0,0,0,1,0,1,0,0,0,0,0,0,0,1,0,0,0,0,0,0,0,38,0,1,1,0,0,0,2,0,0,5,0,0,0,0,0,0,1,0,0,0,0,0,0,0,0,0,1,0,16,0,0,0,0,0,0,0,0,0
243,12.73,12,4,46,2,2,0,0,0,0,0,0,2,0,2,0,2,0,0,0,0,0,0,0,0,0,0,0,0,0,0,0,0,0,0,0,0,0,0,0,0,8,2,20,0,0,0,0,0,0,0,0,0,0,58,0,2,2,2,0,0,0,10,0,1,1,0,0,0,0,0,0,0,0,0,0,2,0,4,0,4,0,0,0,2,0,0,0,0,0,0,0,0,0,0,0,0,0,0,0,0,0,0,30,0,4,0,0,0,0,13,0,1,3,0,0,0,0,0,0,0,0,0,0,0,0,0,0,0,1,2,1,5,0,0,0,0,0,0,0,0,0
256,14,15,5,59,4,1,1,0,0,0,1,4,3,0,0,0,2,0,0,0,0,0,0,0,0,0,0,0,0,0,0,0,0,0,0,0,0,0,0,5,1,2,0,18,0,1,2,0,0,0,0,0,0,0,40,0,1,2,3,0,0,0,7,1,0,0,0,0,2,0,2,0,4,1,0,3,0,1,1,0,0,0,0,0,0,3,0,0,1,0,0,0,0,0,0,0,0,0,0,0,0,0,0,18,0,4,0,0,0,0,5,0,0,4,0,0,0,1,0,0,0,0,0,0,0,0,0,0,0,0,4,0,15,0,0,0,0,0,0,0,0,0
265,14.6,22,8,30,4,4,0,0,0,0,0,2,0,10,2,0,0,0,0,0,0,0,0,0,0,0,0,0,0,0,0,0,0,0,0,0,0,0,0,2,2,0,0,20,0,0,0,0,0,0,0,0,0,0,52,0,4,4,4,2,2,0,14,0,0,0,0,0,0,2,0,0,0,0,0,0,0,0,0,0,0,0,0,0,0,0,0,0,0,0,0,0,0,0,0,0,0,0,0,0,0,0,0,20,0,0,0,0,0,0,4,1,0,5,0,0,0,0,0,2,0,0,0,0,1,0,0,0,0,0,1,0,2,0,0,0,0,0,0,0,0,0
283,15.5,7,3,77,5,12,0,0,0,0,0,0,3,0,1,0,0,0,0,0,0,0,0,0,0,0,0,0,0,2,0,0,0,0,0,0,0,0,0,0,0,3,0,33,0,0,2,0,0,0,0,0,0,0,22,0,6,0,0,1,0,0,13,10,1,0,0,0,1,0,0,0,2,0,0,0,1,0,0,0,0,0,0,0,0,0,0,0,1,0,0,1,0,0,0,0,1,0,0,1,1,0,0,33,0,3,5,1,0,0,8,0,2,0,0,0,0,0,0,0,0,0,0,0,2,1,1,0,0,0,7,0,12,0,0,0,0,0,0,0,0,0
300,17,4,7,13,1,1,1,0,0,0,0,1,0,0,1,0,1,0,0,0,0,0,0,0,0,0,0,0,0,0,0,0,0,0,0,0,0,0,0,0,0,7,0,61,1,0,0,0,0,0,0,0,0,0,69,0,1,4,1,0,0,0,11,3,0,3,0,2,0,0,0,0,0,0,0,0,0,3,2,0,0,0,0,0,0,0,0,0,4,0,0,0,0,0,0,0,0,0,0,0,0,0,0,29,0,5,3,0,0,0,19,0,2,2,0,0,0,0,0,0,0,0,0,0,0,1,0,0,0,0,7,0,120,0,0,0,0,0,0,0,0,0
323,18.8,2,0,21,1,0,1,0,0,0,0,0,0,0,0,0,0,0,0,0,0,0,0,0,0,0,0,0,0,0,0,0,0,0,0,0,0,0,1,1,0,9,3,45,0,1,2,0,0,0,0,0,0,0,86,0,1,2,1,0,1,0,9,7,3,0,0,3,2,0,0,0,2,0,0,0,0,0,1,0,0,0,0,0,0,0,0,0,0,0,0,0,0,0,0,0,0,0,0,0,2,0,0,22,0,1,3,1,0,0,23,0,0,7,3,0,5,0,0,0,3,0,0,0,0,0,2,1,0,0,12,1,43,0,0,0,0,0,0,0,2,0
341,19.69,8,0,26,9,1,0,1,0,0,0,1,1,0,2,0,0,0,0,0,1,0,0,0,0,0,0,0,0,0,0,0,0,0,0,0,0,0,0,2,1,0,0,73,0,1,3,0,0,0,0,0,0,0,31,0,0,0,6,0,1,0,17,9,0,0,0,0,5,0,0,0,0,0,0,0,0,0,0,0,0,0,1,1,0,0,0,0,0,0,0,0,0,0,0,0,0,0,0,0,0,0,0,30,0,5,0,0,0,0,31,0,2,2,1,0,7,0,0,0,1,0,0,0,0,1,0,0,1,0,14,0,18,0,0,0,0,0,0,0,0,0
361,21.03,8,2,16,3,15,0,0,0,0,0,2,2,0,0,0,0,0,0,0,0,0,0,0,0,0,0,0,0,0,0,0,0,0,0,0,0,0,0,0,0,12,3,42,0,1,0,0,0,0,0,0,0,0,72,0,5,3,1,1,0,0,8,2,5,0,0,0,0,0,0,0,1,0,0,0,1,0,0,0,0,0,0,0,0,2,0,1,1,0,0,0,0,0,0,0,0,0,0,0,0,0,0,13,0,4,6,0,0,0,21,1,2,2,0,0,0,0,0,1,3,0,0,0,0,0,0,0,0,0,0,6,3,0,0,0,1,0,0,0,0,0
381,22.4,3,0,22,2,0,0,0,0,0,0,1,0,0,1,0,0,0,0,0,0,0,0,0,0,1,0,0,0,1,0,0,0,0,0,0,0,0,0,0,0,9,0,41,0,0,0,0,0,0,0,1,0,0,77,0,1,1,2,1,2,0,20,2,2,0,0,4,1,0,0,0,1,0,0,0,1,0,0,0,0,0,1,0,0,2,0,0,1,0,0,0,0,0,0,0,0,0,0,0,0,0,0,38,0,2,0,0,1,0,44,0,1,1,0,0,6,0,0,0,0,0,0,0,0,7,0,0,0,1,10,0,21,0,0,1,0,0,0,0,0,0
401,23.69,2,1,18,1,1,0,0,0,0,0,1,0,0,0,0,0,0,0,0,0,0,0,0,1,0,2,0,0,0,0,0,0,0,0,0,0,0,0,7,2,2,1,63,0,0,3,1,0,0,0,0,0,0,63,0,0,1,6,0,2,3,15,1,1,1,0,0,1,0,0,0,0,0,0,0,1,0,0,0,0,0,0,0,0,0,0,0,0,0,0,0,0,0,0,0,1,0,0,0,0,0,0,31,0,2,5,3,0,0,21,0,2,3,0,0,0,0,0,0,3,0,0,0,0,2,0,0,0,0,10,0,20,0,0,0,0,0,0,0,0,0
411,24.27,6,1,56,6,0,1,1,0,0,0,0,0,0,2,0,1,0,0,0,0,0,0,0,1,0,0,0,0,0,0,0,0,0,0,0,0,0,0,0,0,6,1,66,0,0,0,0,0,0,0,0,0,0,53,0,3,3,0,0,2,0,9,3,2,0,0,0,0,0,0,0,3,0,0,0,1,1,0,0,0,0,0,0,0,1,0,0,2,0,0,0,0,0,0,0,0,0,0,0,0,0,0,31,0,7,1,0,0,0,30,0,2,4,0,0,1,0,0,0,1,0,0,0,0,1,0,0,0,0,7,0,84,0,0,0,0,0,0,1,0,0
421,24.73,2,3,39,3,0,0,0,0,0,0,1,0,0,1,0,0,0,0,0,0,0,0,0,0,0,0,0,0,0,0,0,0,0,0,0,1,0,0,0,2,4,0,51,0,0,2,0,0,0,0,0,0,0,57,0,3,7,2,0,0,0,15,4,3,1,0,4,2,0,0,0,0,1,0,1,2,0,1,0,0,0,0,0,0,0,0,0,0,0,0,1,0,0,0,0,0,0,0,0,0,0,2,28,0,12,0,0,0,0,44,0,1,1,0,0,6,0,0,0,0,0,0,0,0,7,0,0,0,1,10,1,21,0,0,0,0,0,0,0,0,0
431,25.24,2,1,53,19,0,0,0,0,0,0,0,0,0,0,0,1,0,0,0,0,0,0,0,0,0,0,0,0,0,0,0,0,0,0,0,0,0,0,3,0,6,0,51,0,0,1,0,0,0,0,0,0,0,37,0,1,1,3,0,0,0,11,6,3,0,0,1,3,0,0,0,1,0,0,0,2,0,1,0,0,0,0,0,0,0,0,0,0,0,0,0,0,0,0,0,0,0,0,0,0,0,0,38,0,2,1,0,0,0,31,1,3,1,0,0,3,0,0,2,1,0,0,0,0,0,0,0,0,1,10,0,116,0,0,0,0,0,0,0,0,1
441,25.64,0,1,40,4,1,1,0,0,0,0,3,1,0,3,0,0,0,0,0,0,0,0,0,0,0,0,0,0,2,0,0,0,0,0,0,0,0,0,0,0,3,0,77,0,1,2,0,0,0,0,0,0,0,40,0,3,3,0,0,1,0,10,3,0,2,0,1,2,0,0,1,0,0,0,0,3,2,0,0,0,0,1,1,0,1,0,0,0,0,0,0,0,0,0,0,0,0,0,0,0,0,0,32,0,3,5,0,0,0,23,1,2,1,0,0,4,0,0,0,5,0,0,0,0,3,0,0,0,1,7,0,22,0,0,0,0,0,0,0,0,0
452,26.12,6,0,40,8,0,0,0,0,0,0,0,0,0,0,0,0,0,2,2,0,0,0,0,0,0,0,0,0,0,0,0,0,0,0,0,0,0,0,2,0,2,0,38,0,0,0,0,0,0,0,0,0,0,56,0,0,0,4,2,0,0,10,4,1,1,0,2,2,0,0,0,0,0,0,2,2,0,2,0,2,0,0,0,0,0,0,0,0,0,0,0,0,0,0,0,0,0,0,0,0,0,0,24,0,14,0,0,0,0,17,1,0,4,0,2,0,0,0,0,3,0,0,0,0,0,0,0,0,1,14,0,108,0,0,0,0,0,0,2,0,0
463,26.6,2,1,28,3,0,0,0,0,0,0,0,0,0,0,0,1,0,0,0,0,0,0,0,0,0,0,0,0,0,0,0,0,0,0,0,0,0,0,6,0,12,1,66,0,0,0,0,0,0,0,0,0,0,60,0,0,2,2,0,0,0,14,0,2,0,0,0,0,0,0,0,0,0,0,0,0,0,2,0,0,0,0,0,0,0,0,1,0,0,0,0,0,0,0,0,0,0,0,0,2,0,0,32,0,6,4,0,0,0,38,0,18,2,0,0,0,0,0,0,8,0,0,0,0,4,0,0,0,0,8,0,102,0,0,0,0,0,0,0,0,2
473,27,6,0,44,4,2,0,0,0,0,0,0,0,0,0,0,1,0,0,1,0,2,0,0,0,0,0,0,0,0,0,0,0,0,0,0,0,0,0,0,2,8,4,36,0,2,2,0,0,0,0,0,0,0,52,0,2,2,2,0,2,0,10,2,0,0,0,0,2,0,0,0,2,0,0,0,4,2,0,0,0,0,0,0,0,2,0,0,2,0,0,0,0,0,0,0,0,0,0,0,0,0,0,8,0,6,2,0,0,0,32,0,2,2,0,0,0,0,0,0,2,0,0,0,0,2,0,0,0,3,8,0,31,0,0,2,0,0,0,0,0,0
483,27.4,4,1,26,0,1,0,0,0,0,0,2,7,2,0,0,0,0,0,1,1,0,0,0,0,0,2,0,0,1,0,0,0,0,0,0,0,0,0,2,2,7,0,62,0,0,3,0,0,0,0,0,0,0,51,0,2,7,0,0,0,0,10,1,2,0,0,1,1,0,0,1,1,0,0,0,1,2,1,0,0,0,0,0,0,2,0,0,0,0,0,0,0,0,0,1,0,0,0,0,1,0,0,12,0,5,3,0,1,0,28,1,1,4,0,0,1,0,0,0,8,0,0,0,0,0,0,0,0,1,4,0,27,0,0,0,0,2,0,0,0,0
501,28.8,7,1,41,2,0,1,0,0,0,0,4,2,0,1,0,0,0,0,0,1,1,2,0,0,0,0,0,0,0,0,0,0,0,0,0,0,0,0,1,1,4,0,51,1,1,0,0,0,0,0,0,0,0,63,0,1,2,4,4,0,0,9,3,6,4,0,0,0,0,0,0,0,0,0,0,0,0,0,0,0,0,0,0,0,0,0,0,0,0,0,0,0,0,0,0,0,0,0,0,0,0,0,26,1,2,0,0,0,0,23,0,3,3,2,0,1,0,0,0,1,1,0,0,0,2,0,0,2,1,7,0,76,0,0,0,0,0,0,0,0,0
535,30.14,3,1,31,0,1,0,0,0,0,0,1,0,0,2,0,0,0,0,0,0,0,0,0,0,0,0,0,0,0,0,0,0,0,0,0,0,0,0,1,0,3,2,53,0,1,1,0,0,0,0,0,0,0,73,0,5,0,1,1,0,0,8,5,3,0,0,2,1,0,0,0,1,1,0,2,1,1,0,0,0,0,0,0,1,1,0,0,0,0,0,0,0,0,0,0,0,0,0,0,0,0,0,51,0,11,3,0,0,0,24,1,0,11,0,0,8,0,0,0,7,0,0,0,0,11,0,0,0,1,4,0,51,0,0,0,0,0,0,0,0,1
560,31.22,2,6,64,8,0,4,2,0,0,0,0,0,0,2,0,0,0,0,2,0,0,0,0,0,0,0,0,0,0,0,0,0,0,0,0,0,0,0,0,0,0,0,32,0,0,0,0,0,0,0,0,0,0,30,0,0,0,4,0,0,0,6,2,1,1,0,0,0,0,0,0,0,0,0,0,0,0,0,0,0,0,0,0,0,0,0,0,0,0,0,0,0,0,0,0,0,0,0,0,0,0,0,18,0,6,0,0,0,0,54,0,6,16,0,0,2,0,0,0,0,0,0,0,0,0,0,0,0,0,0,0,1,0,0,0,0,0,0,0,0,0
581,32.17,2,0,22,3,2,2,0,0,0,0,8,0,0,0,0,0,0,0,0,0,0,2,0,0,2,0,0,0,0,0,2,0,0,0,0,0,0,0,0,0,6,0,28,0,2,0,0,0,0,0,0,0,0,54,0,2,0,2,0,0,0,10,4,4,0,0,2,4,0,0,0,4,0,0,4,4,0,2,0,0,0,0,0,2,8,0,4,0,0,0,0,0,2,0,0,0,0,0,0,0,0,0,78,0,4,6,0,0,0,56,0,0,18,0,0,0,0,0,0,14,0,0,0,2,0,0,0,0,0,10,4,40,0,0,0,0,0,0,0,1,0
601,33.55,6,2,31,2,1,1,0,0,0,0,2,0,0,0,0,1,0,0,0,3,1,0,1,0,0,0,1,1,0,0,0,0,0,0,0,0,0,0,6,1,5,0,48,0,0,1,0,0,0,0,0,0,0,39,1,0,1,5,0,1,0,13,6,7,0,1,0,2,0,1,1,3,1,0,0,0,1,0,0,0,0,0,0,1,2,0,0,0,0,0,0,0,0,0,0,0,0,0,0,0,0,0,105,1,5,0,0,0,0,28,2,7,2,1,0,10,0,0,0,0,1,0,1,0,4,0,0,0,2,6,0,130,0,0,0,0,0,0,0,0,0
621,33.94,1,3,30,4,3,0,1,0,0,0,0,1,0,1,0,0,0,0,0,0,0,1,0,0,0,0,0,0,1,1,0,0,0,0,0,0,0,0,1,0,7,0,54,0,1,1,0,0,1,1,0,0,0,56,0,2,4,4,1,0,0,18,0,2,0,1,0,2,0,0,0,1,0,0,1,1,0,1,0,0,0,0,0,4,0,0,0,0,0,0,0,0,0,0,0,2,0,0,0,0,0,0,43,0,7,0,0,0,0,46,2,1,3,2,11,3,0,0,0,2,1,0,0,0,5,0,0,2,0,15,1,22,0,0,0,0,0,0,0,0,0
641,34.46,2,4,50,2,2,4,0,0,0,0,2,6,0,2,0,0,0,0,0,0,0,0,0,0,0,0,0,0,0,0,0,0,0,0,0,0,0,0,1,1,2,0,33,0,0,0,0,0,0,0,0,0,0,52,0,0,0,0,0,0,0,4,0,4,0,0,0,4,0,0,0,2,0,0,1,2,0,2,0,0,0,0,0,2,4,0,0,2,0,0,0,0,0,0,2,0,0,0,0,2,0,0,54,0,20,0,0,0,0,41,1,3,1,1,0,0,0,0,0,2,0,0,0,0,0,0,0,0,0,8,0,22,0,0,0,0,0,0,0,0,0
653,34.78,3,1,52,7,0,3,0,0,0,0,1,1,0,0,0,0,0,0,0,0,0,0,0,0,0,0,0,0,0,0,0,0,0,1,0,0,0,0,3,2,1,0,46,0,0,2,0,0,0,0,0,0,0,46,0,0,3,2,0,0,0,16,6,2,0,0,2,2,0,0,0,1,0,0,0,0,0,0,0,0,0,1,0,0,0,0,0,0,0,0,0,0,0,0,2,0,0,0,0,2,0,0,41,0,13,0,0,0,0,58,0,1,2,0,0,1,0,0,0,5,0,0,0,1,2,0,0,0,0,9,0,29,0,0,1,0,0,0,0,0,0
662,35.18,1,0,6,0,1,1,0,0,0,0,0,2,0,0,1,0,0,0,0,1,0,0,0,0,0,0,0,0,0,0,0,0,1,0,0,0,0,0,0,0,5,0,53,0,0,0,0,0,0,0,1,0,0,67,0,7,2,1,0,0,0,29,1,0,1,1,0,3,0,0,0,2,0,0,2,1,1,1,0,0,0,0,0,2,1,0,3,0,0,0,0,0,0,0,0,0,0,0,0,0,0,0,24,0,4,1,0,0,0,29,0,0,7,1,0,0,0,0,1,1,0,0,0,0,0,0,2,5,0,1,1,8,0,0,0,0,0,0,0,0,0
685,35.9,4,1,33,8,4,3,1,0,0,0,2,1,0,1,0,0,0,0,0,0,0,0,0,0,0,0,1,0,2,0,0,0,0,0,0,0,0,0,3,2,1,1,49,1,1,1,0,0,0,0,0,0,0,35,0,1,2,4,3,0,0,14,4,2,0,0,0,4,0,0,0,4,0,0,2,1,0,1,1,0,0,0,0,0,0,0,1,0,0,0,0,0,0,0,0,0,0,0,0,4,0,0,58,0,7,2,0,0,0,22,2,0,6,0,0,0,0,0,0,1,0,1,0,0,2,0,2,0,0,5,1,10,1,0,0,0,0,0,0,0,0
710,37.4,2,2,50,6,0,0,0,0,0,0,0,0,0,2,0,0,0,0,0,0,0,0,0,0,0,0,0,0,2,0,0,0,0,0,0,0,0,0,0,3,4,6,67,0,0,0,0,0,0,0,0,0,0,42,0,4,0,4,0,1,0,23,1,0,0,0,0,0,0,0,0,3,0,0,0,0,0,0,0,0,0,0,0,0,0,0,0,2,0,0,0,0,0,0,0,0,0,0,0,0,0,0,80,0,8,0,0,0,0,76,2,10,12,0,0,3,2,0,0,11,0,0,0,0,0,0,0,0,0,10,0,44,0,0,0,0,0,0,0,0,0
735,39.4,9,3,33,3,1,1,0,0,0,0,0,2,1,1,0,2,0,0,0,0,0,0,1,0,0,0,0,0,1,0,0,0,0,0,0,0,0,0,5,1,4,0,54,0,1,2,0,0,0,0,0,0,0,41,1,1,1,1,1,1,0,12,2,5,1,1,0,2,0,0,0,2,0,0,0,2,0,0,0,0,0,1,0,0,1,0,0,1,0,1,0,0,0,0,1,0,0,0,0,0,0,0,75,0,9,1,0,0,0,52,2,4,4,0,2,0,0,0,0,11,2,0,0,0,3,0,0,5,1,9,4,8,1,0,0,0,0,0,0,0,0
755,41,7,2,38,4,0,2,1,0,0,0,1,1,0,0,0,1,0,0,0,0,0,0,0,0,0,0,0,0,0,0,0,0,0,0,0,0,0,0,1,0,7,0,44,0,0,1,0,0,0,0,1,0,0,57,0,1,3,1,0,0,0,9,2,1,0,0,0,1,0,0,0,1,1,0,0,0,0,0,0,0,0,0,0,0,0,0,0,2,0,0,1,0,0,0,0,0,0,0,0,0,0,0,41,0,1,3,0,0,0,37,1,1,5,0,0,4,0,0,0,4,0,0,0,0,0,0,4,0,0,8,1,10,0,0,0,0,0,0,0,1,0
781,43.05,1,0,44,0,4,6,0,0,0,0,1,2,0,0,0,0,0,0,0,0,0,0,0,0,0,0,0,0,0,0,0,0,0,0,0,0,0,2,0,2,12,1,57,0,1,1,0,0,1,0,0,0,0,49,0,4,2,0,2,0,0,9,0,2,0,0,2,0,0,0,0,0,0,0,0,0,0,2,0,0,0,0,0,0,0,0,1,0,0,0,0,0,0,0,0,0,0,0,0,0,0,0,71,1,8,2,0,0,0,66,1,3,28,0,0,2,0,0,0,17,0,0,0,0,0,0,0,0,0,4,4,73,0,0,0,0,0,0,1,0,0
801,43.82,5,1,47,1,2,1,1,0,0,0,0,0,0,0,0,1,1,0,0,0,0,1,0,0,0,0,0,0,0,0,0,0,0,0,1,0,0,0,3,2,11,0,53,0,0,3,0,0,0,0,0,0,0,39,0,2,11,2,0,1,0,15,6,2,0,0,1,2,0,0,0,1,1,0,1,0,0,1,0,0,0,0,0,0,0,0,0,2,0,0,0,0,0,0,0,0,0,0,0,0,0,0,71,0,4,2,0,0,0,37,1,0,3,0,0,4,2,0,0,4,0,0,0,1,2,0,3,0,0,6,0,34,0,0,0,0,0,0,0,0,0
820,44.3,5,2,49,0,4,1,0,0,0,0,0,3,0,0,0,0,0,0,1,0,0,0,0,0,0,0,0,0,0,0,0,0,0,0,0,0,0,1,0,0,6,2,48,1,0,2,0,0,0,0,0,0,0,34,0,7,6,5,0,0,0,13,0,3,1,0,0,2,0,0,0,2,1,0,0,0,0,1,0,0,0,0,0,0,0,0,0,0,0,0,0,0,0,0,0,0,0,0,0,1,0,0,44,0,4,5,0,0,0,19,0,2,6,0,0,1,0,0,0,1,0,0,0,0,0,0,0,5,0,3,2,24,0,0,0,0,0,0,0,0,0
825,44.44,16,9,22,2,13,0,0,0,0,0,4,0,0,0,0,0,0,0,0,0,0,0,0,0,0,0,0,0,0,0,0,0,0,0,0,0,0,0,0,0,5,0,17,2,0,0,0,0,0,0,0,0,0,64,1,1,1,2,6,1,0,18,2,0,0,0,0,0,0,0,0,0,0,0,2,0,0,0,0,0,0,0,2,1,4,0,2,0,0,0,0,0,0,0,0,0,0,0,0,0,2,0,20,0,6,0,0,0,0,6,0,2,2,0,0,0,0,0,0,0,0,0,0,0,0,0,7,0,0,3,0,10,0,0,0,0,0,0,0,1,0
835,44.72,0,0,26,2,0,2,0,0,0,0,0,2,0,0,0,0,0,0,0,0,0,0,0,0,0,0,0,0,2,0,0,0,0,0,0,0,0,0,2,3,6,0,62,0,0,2,0,0,0,0,0,0,0,56,0,0,2,0,0,0,0,14,6,0,0,0,0,4,0,0,0,2,0,0,0,3,2,0,0,0,0,0,0,0,0,0,0,0,0,0,0,0,0,0,0,0,0,0,0,2,0,0,48,0,22,3,0,2,0,46,0,0,8,0,0,6,0,0,0,2,0,0,0,2,4,0,0,0,0,6,10,38,0,0,0,0,0,0,0,0,0
845,44.01,2,1,13,1,5,0,1,0,0,1,1,0,0,0,0,0,1,0,0,0,0,0,0,0,0,0,0,0,0,0,0,0,0,0,0,1,0,0,0,1,11,1,88,0,0,2,0,0,1,0,0,0,0,38,1,2,2,3,0,0,0,7,2,0,2,0,3,0,0,0,0,0,0,0,2,2,0,1,0,0,0,1,0,0,2,0,0,0,0,0,0,0,0,0,0,0,0,0,0,0,0,0,70,1,13,3,0,0,0,34,2,2,3,0,0,1,0,0,0,7,0,0,0,0,2,0,0,0,2,2,1,46,1,0,0,0,0,0,0,0,0
851,45.15,6,0,30,6,0,2,0,0,0,0,0,0,1,1,0,0,1,0,2,0,0,0,0,0,0,0,0,0,2,0,0,0,0,0,0,0,0,0,8,4,2,0,44,0,0,0,0,0,0,0,0,0,0,42,0,10,0,2,0,1,0,12,2,0,0,0,0,2,0,0,0,4,1,0,1,0,4,0,0,0,0,3,0,0,0,0,0,0,0,0,0,0,0,0,0,0,0,0,0,8,0,0,24,1,8,0,0,0,0,56,6,2,4,0,0,2,0,0,0,10,0,0,0,0,0,0,0,0,0,16,0,36,0,0,0,0,0,1,0,0,0
861,45.43,6,2,42,0,6,4,0,0,0,0,0,2,0,0,0,0,0,0,0,0,0,0,0,0,0,0,0,0,0,0,0,0,0,0,0,0,0,0,4,0,6,4,64,0,0,2,0,0,0,0,0,0,0,48,0,2,0,4,1,1,0,20,2,1,1,0,0,0,0,0,0,2,0,0,2,0,0,0,0,0,0,0,0,0,0,0,0,2,0,0,0,0,0,0,0,0,0,0,0,0,0,0,94,0,12,0,6,0,0,42,0,2,2,0,0,0,0,0,0,12,0,0,0,0,0,0,0,0,0,12,0,36,0,0,0,0,0,0,0,2,0
871,45.72,8,1,48,6,0,4,0,0,0,0,0,0,0,0,0,3,0,0,0,1,0,0,0,0,0,0,0,0,1,0,0,0,0,0,0,0,0,0,2,1,5,0,60,0,0,0,0,0,0,0,0,0,0,40,0,0,0,3,1,0,0,9,5,1,0,0,0,1,0,0,0,1,0,0,0,2,0,1,0,0,0,0,0,0,0,0,0,0,0,0,1,0,0,0,1,0,0,0,0,0,0,0,51,0,12,0,0,0,0,6,0,1,7,0,0,1,0,0,0,0,0,0,0,0,3,0,0,0,3,6,0,48,0,0,0,0,0,0,0,1,0
881,45.99,0,0,80,12,0,2,0,0,1,0,1,0,1,0,0,0,0,0,2,0,0,0,0,0,0,0,0,0,0,0,0,0,0,0,0,0,0,0,4,0,4,2,28,0,0,0,0,0,0,0,0,0,0,36,0,4,0,0,0,0,0,22,0,2,0,0,0,0,0,0,0,0,0,0,0,0,0,0,0,0,0,0,0,0,0,0,0,0,0,0,0,0,0,0,0,0,0,0,0,0,0,0,26,0,0,0,0,0,0,12,0,0,0,0,0,2,2,0,0,4,0,0,0,0,0,0,0,0,0,2,0,24,0,0,0,0,0,0,0,0,0
885,46.14,16,6,92,6,10,0,1,0,0,0,2,0,0,2,0,0,0,0,0,0,0,0,0,0,0,1,0,0,1,0,0,0,0,0,0,1,1,0,0,2,0,0,26,0,0,1,0,0,0,0,0,0,0,26,0,1,1,0,0,0,0,17,3,1,0,0,1,0,0,0,0,0,1,0,0,0,0,1,0,1,1,0,0,0,0,0,0,1,0,0,0,0,0,0,0,0,0,0,0,0,0,0,42,1,7,1,0,0,0,9,0,0,1,0,0,1,0,0,0,1,0,0,0,0,1,0,2,0,0,1,0,5,0,0,0,0,0,0,0,0,0
891,46.26,4,0,32,2,0,4,0,0,0,0,1,0,0,0,0,0,0,0,0,0,0,0,0,0,0,0,0,0,0,0,0,0,0,0,0,0,0,0,0,0,10,2,62,0,0,0,0,0,0,0,0,0,0,54,0,2,2,0,0,0,0,16,8,0,0,0,0,0,0,0,0,2,0,0,0,0,2,0,0,0,0,0,0,0,0,0,0,0,0,0,0,0,0,0,0,0,0,0,0,0,0,0,34,0,2,0,0,0,0,30,0,2,0,0,0,4,0,0,0,4,0,0,0,0,0,0,0,0,3,12,2,46,0,0,0,0,0,0,0,0,0
905,46.64,2,2,28,0,0,6,0,0,0,0,0,0,0,0,0,0,0,0,0,0,0,0,0,0,0,0,0,0,0,2,0,0,0,0,0,0,0,0,2,2,10,0,64,0,2,6,0,0,0,0,0,0,0,64,0,4,2,2,0,1,0,16,1,0,0,0,0,0,0,0,0,0,0,0,0,0,0,0,0,0,0,0,0,0,0,0,0,0,0,0,0,0,0,0,0,0,0,0,0,0,0,0,68,0,0,0,0,0,0,58,0,4,4,0,0,6,0,0,0,2,0,0,1,0,0,0,0,0,0,4,0,18,0,0,0,0,0,0,0,0,0
925,47.19,3,1,20,7,3,0,1,0,0,0,1,1,0,0,0,0,0,0,0,0,0,0,0,0,0,0,0,0,0,0,0,0,0,0,0,0,0,0,1,4,7,0,63,0,0,0,0,0,0,0,0,0,0,49,0,4,1,6,2,0,0,11,4,3,3,1,0,0,0,0,0,1,0,0,1,1,0,1,0,0,0,1,0,0,0,0,0,0,1,0,0,0,0,0,1,0,0,0,0,0,0,0,42,1,5,1,0,0,0,38,0,3,4,0,0,0,1,0,0,2,0,0,0,0,0,0,0,0,2,9,0,25,0,0,0,0,0,0,0,0,0
945,47.74,10,2,59,17,8,0,1,0,0,0,2,0,0,1,0,0,0,0,0,0,0,0,0,1,0,0,0,0,2,0,0,0,0,0,0,0,0,0,3,0,7,0,36,0,0,0,0,1,0,0,0,0,0,29,0,0,0,2,0,0,0,17,3,0,0,0,0,2,0,0,0,0,0,0,0,0,0,0,0,0,0,0,0,0,2,0,0,0,0,0,0,0,0,0,0,0,0,0,0,6,0,0,35,0,12,0,0,0,0,86,0,5,1,2,0,6,0,0,0,4,0,0,0,0,0,0,5,2,2,17,0,80,0,0,0,1,0,0,0,0,0
970,48.43,4,2,51,6,1,1,1,0,0,0,1,0,0,0,0,1,0,0,1,0,0,0,0,0,0,0,0,0,0,0,0,0,0,0,0,0,0,0,4,0,5,1,67,0,1,1,0,0,0,0,0,0,0,36,0,3,2,4,0,0,0,15,4,5,0,0,0,1,0,0,0,0,0,0,2,0,0,0,0,0,0,0,0,0,0,0,0,1,0,0,0,0,0,0,0,0,0,0,0,0,0,0,32,0,3,5,0,0,0,13,0,0,2,0,0,2,0,0,0,1,0,0,0,0,1,0,0,0,0,1,0,60,0,0,0,0,0,0,2,1,0
985,48.85,5,1,41,23,3,0,1,0,0,0,1,0,0,2,0,0,1,2,0,0,0,0,0,0,0,0,0,0,1,0,0,0,0,0,0,0,0,0,4,0,0,0,63,2,0,0,0,0,0,0,0,0,0,46,0,2,0,6,1,0,0,4,4,0,0,0,0,2,0,0,0,0,2,0,0,0,0,3,0,0,0,1,0,0,2,0,0,2,0,0,0,0,0,0,0,0,0,0,0,0,0,0,54,0,6,0,0,0,0,59,1,0,6,0,0,0,0,0,0,2,0,0,0,0,0,0,0,0,2,5,0,36,1,0,0,0,0,0,0,0,0
1005,49.12,7,2,46,3,0,1,0,0,0,0,0,0,0,1,0,0,0,0,0,0,0,0,0,0,0,0,0,0,0,0,0,0,0,0,0,0,0,0,1,0,11,2,64,0,0,2,0,0,0,0,0,0,0,44,0,1,0,1,0,0,0,16,1,2,0,0,1,0,0,0,0,0,0,0,0,0,0,0,0,0,0,0,0,0,0,0,0,0,0,0,0,0,0,0,0,0,0,0,0,0,0,0,36,0,1,4,0,0,0,32,0,3,2,0,0,3,0,0,0,9,0,0,0,0,3,0,0,0,1,2,0,30,0,0,0,0,0,0,0,0,0
1025,49.62,9,4,33,20,18,1,0,0,0,0,0,0,0,1,0,0,0,0,0,0,0,0,0,0,0,0,0,0,0,0,0,0,0,0,0,1,0,0,2,0,0,0,45,0,0,3,0,0,0,0,0,0,0,37,0,2,0,3,1,0,0,16,0,1,1,0,0,0,0,0,0,3,0,0,0,1,0,2,0,0,0,0,0,0,2,0,0,0,0,0,0,0,0,0,0,0,0,0,0,0,0,0,11,3,1,0,0,0,0,70,0,6,2,2,0,3,0,0,0,2,0,0,0,1,0,0,1,1,0,5,0,20,0,0,0,0,0,0,0,0,0
1045,50.42,3,1,30,4,0,1,0,0,0,0,0,0,0,1,0,1,0,0,0,1,0,0,0,1,0,1,0,0,0,0,0,0,0,0,0,0,0,0,3,0,6,1,66,1,0,6,0,0,0,0,0,0,0,43,0,2,1,2,0,1,1,8,0,2,0,0,0,2,0,0,0,0,0,0,2,2,1,1,0,0,0,0,0,1,1,0,0,0,1,0,0,0,0,0,0,0,0,0,0,3,0,0,70,0,2,0,0,0,0,65,0,0,7,0,0,1,0,0,0,3,0,0,0,0,3,0,4,4,0,4,0,27,0,0,0,0,0,0,0,0,0
1070,51.39,6,5,60,2,3,5,1,1,0,0,1,1,2,1,0,1,0,1,2,0,0,0,0,1,0,0,0,0,0,0,0,0,0,0,0,0,0,0,0,1,6,0,40,0,0,1,0,0,0,1,0,0,0,30,0,3,7,2,1,1,0,12,0,2,1,0,1,1,0,0,0,1,0,0,0,0,0,0,0,0,0,1,1,0,0,0,0,0,0,0,0,0,0,0,0,0,0,0,0,0,0,0,50,0,2,2,0,0,0,46,2,3,2,0,0,10,0,0,0,8,0,1,0,0,1,0,0,0,3,7,0,54,0,0,0,0,0,0,0,0,0
1091,51.77,6,6,61,1,3,0,1,0,0,0,2,6,0,0,0,0,0,0,0,0,0,0,0,0,0,0,0,0,0,0,0,0,0,0,0,0,0,0,0,2,4,2,50,0,2,4,0,0,0,0,0,0,0,40,0,8,0,4,0,0,0,10,0,0,0,0,0,0,0,0,0,0,0,0,0,0,0,2,0,0,0,0,0,0,2,0,0,4,0,0,0,0,0,0,0,0,0,0,0,0,0,0,34,0,0,10,0,0,0,6,4,4,0,0,0,0,2,0,0,0,0,0,0,0,0,0,0,0,0,4,0,16,0,0,0,0,0,0,0,0,0
1105,51.98,13,1,67,16,5,1,0,0,0,0,0,0,0,0,0,0,1,0,1,2,0,0,1,0,0,1,0,0,0,0,0,0,0,0,0,0,0,0,2,2,3,0,59,0,0,1,0,1,0,0,0,0,0,40,0,0,2,0,0,0,0,6,3,1,0,0,0,3,0,0,0,1,0,0,0,2,1,0,0,0,0,2,0,0,1,0,0,0,0,0,0,0,0,0,0,0,0,0,0,8,0,0,51,0,3,0,0,0,0,77,0,4,7,4,1,2,0,0,1,1,0,0,0,0,0,0,0,4,0,16,0,20,1,0,0,1,0,0,0,0,0
1121,52.26,3,2,41,3,0,1,0,0,2,0,0,0,0,0,1,1,0,0,0,0,0,0,0,0,0,0,0,0,2,0,0,0,0,0,0,0,0,0,3,1,7,1,75,1,0,1,0,0,0,0,0,0,0,53,0,1,0,0,0,0,0,8,3,2,0,0,0,2,0,1,0,0,0,0,1,1,0,0,0,0,0,0,0,0,0,0,0,0,0,0,0,0,0,0,0,0,0,0,0,0,0,0,61,1,13,2,0,0,0,38,0,1,6,0,0,7,0,0,0,4,0,0,0,0,1,0,0,0,2,4,0,36,0,0,0,0,0,0,0,0,0
1145,52.74,4,2,22,6,4,1,0,0,0,1,1,0,0,4,0,0,0,0,0,0,0,0,1,0,0,0,0,0,1,0,0,0,0,0,0,0,0,0,2,3,0,0,75,0,1,6,0,0,0,0,2,0,0,38,0,5,2,2,0,0,0,7,1,3,2,0,1,1,0,0,0,0,0,0,0,2,0,3,0,0,0,0,0,0,0,0,0,0,0,0,0,0,0,0,0,0,0,0,0,2,0,0,66,0,8,2,0,0,0,37,0,1,5,0,0,3,0,0,0,0,0,0,0,0,2,0,0,1,1,6,0,20,0,0,0,0,0,0,0,0,0
1165,53.22,7,3,44,2,0,0,0,0,0,0,1,2,0,1,0,0,0,0,0,0,0,0,0,0,0,0,0,0,1,0,0,0,0,0,0,1,0,0,0,0,4,2,51,0,0,0,0,0,0,0,0,0,0,34,1,1,1,3,0,0,0,13,4,3,0,0,3,3,0,0,0,0,0,0,2,4,0,0,0,0,0,0,0,1,2,0,0,2,0,0,0,0,0,0,0,0,0,0,0,1,0,0,16,0,3,0,0,0,0,23,1,1,7,0,0,3,0,0,0,7,0,0,0,0,3,0,0,0,0,12,0,37,0,0,0,0,0,0,0,0,0
1175,53.54,6,0,54,9,1,1,1,0,0,0,0,0,0,1,0,0,0,0,0,0,0,0,0,0,0,0,0,0,2,0,0,0,0,0,0,0,0,0,2,1,6,0,61,0,0,1,0,0,0,0,0,0,0,42,0,1,1,2,0,0,0,19,3,1,0,0,0,1,0,0,0,2,0,0,1,2,1,0,0,0,0,0,0,0,1,0,0,0,0,0,0,0,0,0,1,0,0,0,0,0,0,0,74,0,9,0,0,0,0,71,3,5,2,0,0,9,1,0,0,9,0,0,1,0,1,0,0,0,0,11,0,59,0,0,0,0,0,0,0,0,0
1183,54,10,4,54,3,2,1,0,0,0,0,2,0,0,1,0,0,0,0,0,2,0,0,0,0,0,0,0,0,0,0,0,0,0,0,0,2,0,0,3,0,0,0,77,0,0,0,0,0,0,0,0,0,0,21,0,2,3,1,1,0,0,17,0,0,0,0,0,0,0,1,0,1,0,0,1,2,0,0,0,0,0,0,0,0,0,0,0,1,0,0,0,0,0,0,0,0,0,0,0,0,0,0,19,0,0,0,0,0,0,21,0,1,2,0,1,2,0,0,0,0,0,1,0,0,0,0,0,0,0,3,0,2,0,1,0,0,0,0,0,0,0
1193,54.1,4,0,68,16,0,0,0,0,0,0,0,0,0,1,0,0,2,0,0,0,0,0,0,0,0,0,0,0,0,0,0,0,0,0,0,0,0,0,6,2,0,0,42,0,0,0,0,0,0,0,0,0,0,40,0,0,2,2,0,0,0,12,0,1,2,0,2,0,0,0,0,0,0,0,0,2,0,0,0,0,0,0,0,0,0,0,0,0,0,0,0,0,0,0,0,0,0,0,0,0,0,0,30,1,0,2,0,0,0,26,2,6,6,0,0,8,0,0,0,8,0,0,0,0,0,0,0,0,2,16,0,26,0,0,0,0,0,0,0,0,0
1203,54.33,19,19,71,5,3,2,0,0,0,0,0,0,0,1,0,0,0,0,0,0,0,0,0,0,0,1,0,0,0,0,0,0,0,0,0,0,0,0,1,2,1,0,21,0,0,0,0,1,0,0,0,0,0,31,0,2,1,1,0,0,0,18,2,0,0,0,0,0,0,0,0,0,0,0,0,0,0,0,0,0,0,0,0,0,0,0,0,0,0,0,0,0,0,0,0,0,0,0,0,7,0,0,20,1,3,2,0,0,0,35,2,0,3,0,1,2,0,0,0,0,0,0,1,0,0,0,4,1,0,10,0,12,1,0,0,0,0,0,0,0,0
1213,54.62,12,2,69,14,0,0,0,0,0,0,2,1,0,0,0,2,0,0,0,0,0,0,0,0,0,1,0,0,0,0,0,0,0,0,0,0,0,0,5,1,3,1,21,0,0,0,0,0,0,0,0,0,0,30,0,4,1,1,0,0,0,19,5,1,0,0,2,0,0,1,0,0,0,0,2,1,0,0,0,0,0,0,0,0,0,0,0,0,0,0,0,0,0,0,0,0,0,0,0,0,0,0,39,1,8,2,1,0,0,34,0,0,6,0,0,0,0,0,0,5,0,2,0,0,0,0,0,0,1,17,0,11,0,0,0,0,0,0,0,0,2
1223,54.9,9,1,76,2,3,0,0,0,0,0,0,0,0,2,0,0,0,0,0,1,0,0,0,0,0,0,0,0,0,0,0,0,0,0,0,0,0,0,0,0,3,0,12,0,0,2,0,0,0,0,0,0,0,29,0,0,0,4,0,0,0,27,0,3,0,0,0,3,0,0,0,1,0,0,1,4,3,1,0,0,0,0,0,1,2,0,1,0,0,0,0,0,0,0,0,0,0,0,0,0,0,0,12,0,1,1,0,0,0,17,0,1,1,1,0,2,0,0,1,1,0,0,0,0,0,0,0,0,0,8,0,10,0,0,0,0,0,0,0,0,0
1243,55.4,9,8,74,4,0,0,0,0,0,0,1,1,1,1,0,0,0,0,2,0,0,0,0,0,0,0,0,0,0,0,0,0,0,0,0,0,0,0,1,0,1,1,31,0,2,1,0,0,0,0,0,0,1,42,0,2,0,2,0,0,0,14,0,0,0,0,0,0,0,0,0,0,0,0,0,1,0,0,0,0,0,0,0,0,0,0,0,0,0,0,0,0,0,0,0,0,0,0,0,0,0,0,19,0,0,1,0,0,0,6,0,0,1,0,0,1,0,0,0,0,0,0,0,0,0,0,2,1,0,7,0,12,0,0,0,0,0,0,0,0,0
1263,56.04,22,0,37,5,18,0,0,0,0,0,0,0,0,1,0,0,0,0,0,0,0,0,0,0,0,0,0,0,0,0,0,0,0,0,0,0,0,0,0,0,2,0,69,1,1,0,0,0,0,1,0,0,0,23,0,1,1,4,1,1,0,7,0,1,0,0,1,0,0,0,0,0,0,0,1,1,0,0,0,0,0,1,0,0,1,0,0,0,0,0,0,0,0,0,0,0,0,0,0,4,0,0,54,0,2,0,0,0,0,18,0,2,2,0,0,1,0,0,0,2,0,0,0,0,0,0,0,0,0,2,0,28,0,0,0,0,0,0,0,0,0
1278,56.7,2,5,14,1,0,0,0,0,0,0,1,0,0,1,0,0,0,0,0,0,0,0,0,0,0,0,0,0,0,0,0,0,0,0,0,0,0,0,0,2,16,1,46,0,0,1,0,1,0,0,1,0,0,66,0,5,5,3,1,0,0,28,0,1,0,0,0,0,0,0,0,1,0,0,0,0,0,1,0,0,0,0,0,0,0,0,0,0,0,0,0,0,0,0,0,0,0,0,0,0,0,0,90,0,5,0,4,0,0,74,1,2,14,0,0,9,8,0,0,15,0,0,0,0,0,0,0,0,0,12,0,20,0,0,0,0,0,0,0,0,0
1304,58.2,4,7,41,4,3,2,0,0,0,1,1,0,0,1,0,0,0,1,0,0,0,0,0,0,0,0,0,0,0,0,0,0,0,0,0,0,0,0,6,4,4,0,54,0,0,1,0,0,0,0,0,0,0,50,0,1,3,0,4,0,0,9,0,1,0,0,0,0,0,0,0,0,0,0,0,1,0,0,0,0,0,0,1,0,1,0,0,0,0,0,0,0,0,0,0,0,0,0,0,6,0,0,68,0,8,0,0,0,0,29,0,1,9,1,1,1,0,1,0,2,0,0,0,0,2,0,0,3,1,5,0,12,0,0,0,0,0,0,0,0,0
1325,59.35,2,1,5,1,2,0,0,0,0,0,1,2,0,0,0,0,0,0,0,0,0,1,0,0,0,0,0,0,0,0,0,0,0,0,0,0,0,0,2,0,3,1,29,0,1,0,0,0,0,0,0,0,0,100,0,8,26,0,2,0,0,11,0,1,1,0,1,2,0,0,0,0,0,0,1,0,2,0,0,0,0,0,0,0,0,0,2,2,0,0,0,0,0,0,0,0,0,0,0,0,0,0,39,0,9,5,0,0,0,12,0,1,7,0,0,1,0,0,0,7,0,0,0,0,0,0,0,1,0,2,0,19,0,0,0,0,0,0,0,0,0
1345,60.6,1,2,23,3,2,0,0,0,0,1,0,0,0,1,0,1,0,0,0,0,0,1,0,0,0,0,0,0,0,0,0,0,0,0,0,0,0,0,3,1,4,0,43,0,0,0,0,0,0,0,0,0,0,99,0,2,4,0,1,0,0,10,1,1,0,0,0,0,0,0,0,0,0,0,0,0,0,0,0,0,0,0,0,0,1,0,0,0,0,0,0,0,0,0,0,0,0,0,0,2,0,0,73,0,17,0,0,0,0,29,3,1,9,9,0,1,0,0,2,1,0,0,1,0,5,0,0,0,0,3,0,28,0,0,0,0,0,0,0,0,0
1361,61.4,4,6,34,6,0,2,0,0,0,0,0,0,0,2,0,0,0,0,0,0,0,0,0,0,0,0,0,0,0,0,0,0,0,0,0,0,0,0,0,0,2,2,60,0,2,0,0,0,0,0,0,0,0,55,0,0,4,6,0,0,0,8,2,4,0,0,0,0,0,0,0,0,0,0,0,0,0,0,0,0,0,0,2,0,0,0,0,0,0,0,0,0,0,0,0,2,0,0,0,0,0,0,20,0,8,0,0,0,0,12,4,8,6,0,0,0,0,0,0,0,0,0,0,0,2,0,0,0,0,4,2,32,0,0,0,0,0,0,0,0,0
1391,63.07,4,4,56,0,0,4,0,0,0,0,4,0,0,0,0,4,0,2,2,0,0,0,0,0,0,0,0,0,0,0,0,0,0,0,0,0,0,0,2,2,6,2,34,0,4,1,0,0,0,1,0,0,0,52,0,0,0,4,1,0,0,4,2,4,0,0,0,0,0,0,0,0,0,0,0,2,0,0,0,0,0,0,0,0,0,0,0,2,0,0,0,0,0,0,0,0,0,0,0,0,0,0,130,0,14,0,0,0,0,34,0,4,12,0,0,4,0,0,0,0,0,0,0,0,0,0,0,0,6,14,0,36,0,0,0,0,0,0,0,0,0
1411,64.75,17,1,16,5,3,1,0,0,0,0,4,0,0,0,0,0,0,0,0,1,0,1,0,1,0,0,1,0,0,0,0,0,0,0,0,0,0,0,5,2,1,0,40,0,1,1,0,0,0,0,0,0,0,68,1,1,2,3,2,1,1,8,1,1,0,0,1,2,1,1,0,1,0,0,1,2,1,0,0,0,0,0,0,0,0,0,0,0,0,0,0,0,0,0,0,0,0,0,0,0,0,0,94,0,15,0,0,0,0,18,1,2,32,2,1,4,0,0,0,1,0,0,0,0,0,0,0,1,0,11,0,16,0,0,0,1,0,0,0,0,0
1435,65.55,3,1,22,4,9,2,0,0,0,0,2,2,0,2,0,0,0,0,0,0,0,0,0,0,0,0,0,0,3,0,0,0,0,0,0,0,0,0,3,1,2,0,43,0,0,0,1,0,0,0,0,0,0,87,0,4,3,8,1,0,0,10,5,3,0,0,3,2,0,0,0,1,2,0,2,2,0,1,0,0,0,0,0,2,1,0,0,1,0,0,0,0,0,0,0,0,0,0,0,0,0,0,128,0,25,2,0,0,0,35,1,6,16,5,0,3,0,0,0,0,0,0,0,0,1,0,0,1,1,6,0,26,0,0,0,0,0,0,0,0,0
1461,67,3,1,15,4,0,0,0,0,0,1,4,3,0,0,0,1,0,0,0,0,0,0,0,0,0,0,0,1,0,0,0,0,0,0,0,0,0,0,0,0,10,1,67,0,0,0,0,0,1,0,0,0,0,53,0,1,1,2,1,1,1,8,2,3,2,0,2,3,0,0,0,0,0,0,3,1,1,1,0,0,0,0,1,2,0,0,1,1,0,0,0,0,1,0,0,0,0,0,0,0,0,0,76,0,4,0,0,0,0,46,1,8,19,9,0,1,0,0,2,4,0,0,0,0,0,0,0,0,0,10,0,16,0,0,0,1,0,0,0,0,0
1481,68.14,6,0,20,3,0,0,0,0,0,0,7,8,0,2,0,0,0,0,2,0,0,1,0,0,0,0,0,0,2,0,0,0,0,0,0,0,0,0,2,0,4,0,30,0,0,0,0,0,0,0,0,1,0,92,0,0,1,1,1,2,0,5,0,4,0,0,2,0,1,0,0,0,2,0,4,0,0,0,1,0,0,0,0,0,0,0,0,2,0,0,0,0,0,1,0,0,0,0,0,0,0,0,164,0,9,0,0,0,0,38,4,9,63,1,0,7,0,0,3,7,0,0,1,0,0,0,0,0,0,10,0,66,0,0,0,1,0,0,0,0,0
1508,69.62,8,7,29,2,1,0,0,0,0,0,2,4,1,1,0,3,0,1,2,1,0,0,0,0,0,0,0,0,1,0,0,0,0,0,0,0,0,0,3,3,2,0,16,0,0,2,0,3,0,0,0,0,0,72,0,4,1,2,5,1,1,8,0,6,1,0,0,2,0,0,0,1,0,0,1,0,1,2,0,0,0,0,0,0,0,0,0,0,0,0,0,0,0,0,0,0,0,0,0,0,0,1,247,0,23,1,0,0,0,49,4,6,59,4,2,0,1,0,6,1,0,0,1,0,0,2,0,1,0,10,0,46,0,0,0,0,0,0,0,0,0
1523,70.5,4,6,33,4,4,0,1,0,0,0,1,1,0,0,0,1,0,0,0,0,0,0,0,1,0,0,0,0,1,1,0,0,0,1,0,1,0,0,4,4,4,0,32,0,0,0,0,0,0,0,0,0,0,61,0,1,2,5,2,0,0,9,0,4,0,0,1,3,0,0,0,2,0,0,2,0,0,1,0,0,1,0,0,1,0,0,0,0,0,0,0,0,0,0,1,0,0,0,0,0,0,0,145,1,18,0,3,0,0,28,3,4,30,0,1,0,0,0,1,1,0,0,0,0,2,0,1,0,0,4,0,45,0,0,0,0,0,0,0,0,0
1543,71.6,9,0,26,6,1,0,0,0,0,2,0,4,0,0,0,0,0,0,0,2,0,0,0,0,0,0,0,0,2,0,0,0,0,0,0,0,0,0,7,2,0,0,33,0,0,4,0,0,0,0,0,1,0,59,0,0,3,1,0,0,0,7,4,3,0,0,3,1,0,0,0,2,3,0,1,1,1,0,0,0,0,0,0,3,4,0,2,0,0,0,0,0,0,0,3,0,0,0,0,0,0,0,107,1,12,0,0,0,0,38,1,17,47,0,2,2,0,0,0,0,0,0,1,0,0,0,1,0,2,8,0,20,1,0,0,2,0,0,0,0,0
1560,72.645,8,4,54,0,2,0,0,0,0,0,0,6,0,0,0,2,0,0,0,0,0,0,0,0,0,2,0,0,0,0,0,0,0,0,0,0,0,0,4,1,6,2,16,0,2,2,0,0,0,1,1,0,0,56,0,4,0,10,0,0,0,3,3,4,0,0,8,0,0,0,0,0,0,0,0,0,0,0,0,0,0,0,0,0,0,0,0,2,0,0,0,0,0,0,0,0,0,0,0,0,0,0,312,0,30,0,0,0,0,36,1,9,9,0,0,2,0,0,0,0,0,0,0,0,3,0,0,0,0,7,0,20,0,0,0,0,0,0,1,0,1
1585,74.24,5,3,11,1,2,0,0,0,0,0,1,7,0,0,0,0,0,0,0,0,0,0,0,0,0,0,0,0,0,2,0,0,0,0,0,1,0,0,2,0,1,0,34,0,0,0,0,0,1,0,0,0,0,89,0,1,0,0,4,3,1,6,2,1,1,0,4,1,0,0,0,2,0,0,1,1,0,2,0,0,0,0,2,2,0,0,0,4,0,1,0,0,0,0,0,0,0,0,0,0,0,0,237,1,27,0,0,0,0,41,1,2,49,0,0,1,0,0,2,0,0,0,1,0,10,0,0,0,0,6,2,263,0,0,0,0,0,0,0,0,0
1605,75.55,16,5,25,5,0,0,0,0,0,0,0,0,0,0,0,0,0,0,0,0,0,1,0,0,0,0,0,0,0,0,0,0,0,0,0,0,0,0,6,0,6,1,47,0,2,0,0,0,0,0,0,0,0,56,1,4,3,1,3,0,0,5,2,3,3,0,1,3,0,0,0,0,0,0,0,2,0,1,0,0,0,0,0,0,0,0,0,0,0,0,0,1,0,0,0,0,0,0,0,0,0,0,148,0,8,0,0,0,0,18,2,1,37,2,1,0,0,0,2,2,0,0,0,0,1,0,0,1,0,3,0,30,0,0,0,0,0,0,0,0,0
1625,77.2,15,9,27,0,0,3,0,0,0,0,0,1,1,0,0,0,0,0,0,0,0,0,0,1,1,1,1,0,0,4,0,0,0,0,0,0,0,0,2,0,4,0,34,0,0,1,0,0,0,0,0,0,0,68,0,5,2,3,1,0,0,7,0,1,0,0,4,0,0,0,0,0,0,0,0,0,0,1,0,0,0,0,0,0,3,0,0,0,0,0,0,0,0,0,0,1,0,0,0,2,0,0,167,0,20,0,0,0,0,44,2,9,38,5,4,6,0,0,0,0,0,0,0,1,0,1,0,2,0,7,0,57,1,0,0,0,0,0,1,0,1
1645,78.78,12,4,57,3,4,0,0,0,0,0,0,3,0,0,0,4,0,0,0,1,0,0,0,0,0,0,0,0,0,0,0,0,0,0,0,1,0,0,1,2,1,0,34,0,1,3,0,0,0,0,0,0,0,57,0,2,1,0,0,1,0,7,0,3,0,0,2,0,0,0,0,0,0,0,1,0,0,3,0,0,0,0,1,0,1,0,0,0,0,0,0,0,0,0,0,1,0,0,0,0,0,0,60,0,1,0,0,0,0,7,0,2,8,7,1,3,0,0,0,0,0,0,0,0,2,0,1,0,0,3,0,5,0,0,0,0,0,0,0,0,0
1665,80,8,4,32,4,5,3,0,0,0,0,0,0,0,0,0,5,0,0,0,0,1,0,0,1,0,0,0,0,1,0,0,0,0,0,0,0,0,0,5,2,3,0,38,1,0,0,0,0,0,0,0,0,0,61,1,2,1,6,0,0,0,3,1,2,0,0,2,4,0,0,0,1,0,0,2,1,0,0,0,0,0,0,0,0,0,0,0,0,0,0,0,0,0,0,1,0,0,0,0,0,0,0,90,0,4,1,0,0,0,12,0,2,15,0,0,0,0,0,3,1,0,0,0,0,0,0,0,0,0,4,0,7,0,0,0,0,0,0,0,0,0
1681,81.08,16,10,58,0,0,0,0,0,0,0,0,2,0,0,0,4,0,0,0,2,0,0,0,0,0,0,0,0,0,0,0,0,0,0,0,0,0,0,3,1,4,2,24,0,0,1,0,0,0,0,0,0,0,40,0,2,0,0,0,0,0,10,0,2,0,0,0,0,0,1,1,2,2,0,0,2,0,0,0,0,0,0,0,0,2,0,0,2,0,0,2,0,0,0,0,0,0,0,0,0,0,0,48,0,6,2,0,0,0,24,0,2,8,2,0,0,0,0,2,2,0,0,0,0,0,0,0,0,0,16,0,14,0,0,0,0,0,0,2,1,0
1691,81.8,24,8,40,2,0,2,0,0,0,0,8,0,0,4,0,4,0,0,0,0,0,0,0,0,0,0,0,0,0,0,0,0,0,0,0,0,0,0,5,1,5,3,42,0,0,5,0,1,0,0,0,0,0,60,0,2,8,2,0,0,0,6,2,2,0,0,0,0,0,0,0,0,0,0,0,0,0,0,0,0,0,0,0,0,0,0,0,2,0,0,0,0,0,0,0,0,0,0,0,0,0,0,30,0,0,0,0,0,0,6,0,0,10,0,0,0,0,0,1,0,0,0,0,0,0,0,0,0,0,9,0,18,0,0,0,0,0,0,0,0,0
1703,83,6,0,23,3,7,3,1,0,0,0,0,0,0,0,0,0,0,0,0,1,0,0,0,0,0,0,0,0,0,0,0,0,0,0,0,0,0,0,5,3,0,0,15,0,4,1,0,0,0,0,0,0,0,91,0,2,4,3,2,0,0,3,1,2,2,0,2,1,0,1,0,1,0,0,1,2,0,1,0,0,0,1,0,0,1,1,1,1,0,0,0,0,0,0,0,0,0,0,0,4,0,0,113,0,35,2,0,0,0,67,2,17,24,0,0,3,0,0,2,0,0,0,0,0,0,0,0,1,1,21,0,14,3,0,0,0,0,0,0,0,0
1713,83.71,15,3,37,6,0,1,0,0,0,0,1,0,1,0,0,0,0,0,0,0,0,0,0,0,0,0,0,0,0,0,0,0,0,0,0,0,0,0,3,3,0,0,27,0,0,0,0,0,0,0,0,0,0,81,1,0,3,3,0,2,0,8,0,1,0,0,0,0,0,0,0,1,3,0,0,0,0,0,0,0,0,0,0,0,0,0,0,0,0,0,0,0,0,0,0,0,0,0,0,0,0,0,33,0,6,0,2,0,0,45,0,15,12,0,0,0,0,0,2,9,0,0,0,0,0,0,0,0,0,15,0,6,0,0,0,0,0,0,0,0,0
1723,84.15,9,3,53,10,4,2,0,0,0,0,0,0,0,0,0,1,0,0,0,4,0,0,0,0,0,0,0,0,0,0,0,0,0,0,0,1,1,0,2,0,0,0,29,1,0,3,0,1,0,0,0,0,0,52,0,2,5,1,1,0,0,9,0,2,0,0,0,1,0,0,0,0,0,0,1,1,0,0,0,0,0,0,0,0,0,0,0,1,0,0,0,0,0,0,0,1,0,0,0,0,0,0,31,0,2,3,0,0,0,17,2,8,11,0,0,0,0,0,3,0,0,0,0,0,1,0,0,0,0,17,0,32,0,0,0,0,0,0,0,0,0
1733,84.31,10,2,56,2,8,0,0,0,1,0,1,0,0,0,0,6,0,0,0,4,0,0,2,0,0,1,0,0,0,0,0,0,0,0,0,1,0,0,8,0,0,0,16,0,0,0,0,0,0,0,0,0,0,58,1,2,0,2,0,0,0,16,0,0,0,0,0,2,0,0,0,0,0,0,0,0,0,0,0,0,0,0,0,0,0,0,0,0,0,0,0,0,0,0,0,1,0,0,0,0,0,0,5,0,0,0,0,0,0,8,0,1,15,0,0,0,0,0,0,0,0,0,0,0,4,0,0,0,0,7,0,6,0,0,0,0,0,0,0,0,0
1743,84.64,7,18,31,3,1,0,1,0,0,0,1,10,0,4,0,0,0,0,0,0,0,1,0,0,0,0,0,0,0,0,0,0,0,0,0,1,1,0,3,4,2,1,33,0,1,7,0,0,0,0,0,0,1,78,0,1,4,3,10,5,0,13,0,5,1,0,0,4,0,1,0,3,1,0,1,0,0,0,0,0,0,0,0,0,1,0,0,0,0,0,0,0,0,0,0,0,0,0,0,0,0,0,41,0,6,24,0,0,0,7,0,0,12,0,1,0,0,15,2,0,1,0,0,2,0,0,0,0,0,3,0,0,2,0,0,0,0,0,0,0,1
1753,85.55,44,5,6,1,4,0,0,0,0,0,2,1,0,1,0,1,0,0,0,0,0,0,1,0,0,0,0,0,0,0,0,0,0,0,0,0,0,0,3,1,4,0,20,0,0,3,0,0,0,0,0,0,0,90,0,2,1,0,0,2,0,8,0,1,1,0,0,1,0,0,0,1,0,0,1,0,1,0,0,0,0,0,2,,0,0,0,0,0,0,0,0,0,0,0,0,0,0,0,0,0,0,7,0,8,8,2,0,0,3,1,0,1,0,0,0,0,0,0,0,0,0,0,0,0,0,0,0,0,1,0,10,1,0,0,0,3,0,0,0,0
1763,85.34,13,14,15,1,2,0,0,0,0,0,5,3,0,1,0,0,0,0,0,0,0,2,0,0,0,1,0,0,0,0,0,0,0,0,0,0,0,0,3,0,3,0,38,0,0,2,0,0,0,0,0,0,0,84,0,2,3,0,1,1,0,4,2,1,0,2,2,2,0,2,0,0,1,0,2,1,0,0,0,0,0,0,0,0,0,0,0,0,0,0,0,0,0,0,0,0,0,0,0,2,0,0,30,0,3,13,0,0,0,5,0,0,1,0,0,1,0,0,0,0,0,0,0,0,2,0,0,0,0,0,0,10,1,0,0,0,0,0,0,0,0
1778,85.85,12,7,10,0,7,0,0,0,0,0,0,2,0,1,0,0,1,0,0,0,0,0,0,0,0,0,0,0,0,0,0,0,0,0,0,0,0,0,0,1,3,0,26,0,0,0,0,0,0,0,0,0,0,104,1,2,3,0,1,0,0,12,0,3,0,0,2,0,0,0,0,0,0,0,1,1,0,0,0,0,0,0,0,0,0,0,0,0,0,0,0,0,0,0,0,0,0,0,0,0,0,0,35,0,1,9,0,0,0,1,0,0,1,0,0,0,0,0,0,0,0,0,0,0,0,0,0,0,0,0,0,3,3,0,0,0,0,0,0,0,1
